_id,filename,timestamp,filesize
"596f8fd7b98dc03f95277476","activity-1-color_1500483543.png","1500483543","22883"
"596f9021b98dc03f95277477","activity-1-white_1500483617.png","1500483617","17151"
"596f9026b98dc03f95277478","activity-2-color_1500483622.png","1500483622","16198"
"596f9028b98dc03f95277479","activity-2-white_1500483624.png","1500483624","12475"
"596f902cb98dc03f9527747a","activity-3-color_1500483628.png","1500483628","17324"
"596f902fb98dc03f9527747b","activity-3-white_1500483631.png","1500483631","12665"
"596f9032b98dc03f9527747c","activity-4-color_1500483634.png","1500483634","14899"
"596f9035b98dc03f9527747d","activity-4-white_1500483637.png","1500483637","11089"
"596f903ab98dc03f9527747e","activity-5-color_1500483642.png","1500483642","15535"
"596f903eb98dc03f9527747f","activity-5-white_1500483646.png","1500483646","10949"
"596f9041b98dc03f95277480","activity-6-color_1500483649.png","1500483649","24267"
"596f9046b98dc03f95277481","activity-6-white_1500483654.png","1500483654","17240"
"596f904ab98dc03f95277482","activity-7-color_1500483658.png","1500483658","23078"
"596f904eb98dc03f95277483","activity-7-white_1500483662.png","1500483662","17152"
"596f9054b98dc03f95277484","activity-8-color_1500483668.png","1500483668","28209"
"596f9058b98dc03f95277485","activity-8-white_1500483672.png","1500483672","18150"
"596f905cb98dc03f95277486","activity-9-color_1500483676.png","1500483676","15442"
"596f9060b98dc03f95277487","activity-9-white_1500483680.png","1500483680","11532"
"596f9065b98dc03f95277488","activity-10-color_1500483685.png","1500483685","28483"
"596f906ab98dc03f95277489","activity-10-white_1500483690.png","1500483690","19095"
"596f906fb98dc03f9527748a","activity-11-color_1500483695.png","1500483695","14028"
"596f9073b98dc03f9527748b","activity-11-white_1500483699.png","1500483699","9704"
"596f9076b98dc03f9527748c","activity-12-color_1500483702.png","1500483702","10260"
"596f907ab98dc03f9527748d","activity-12-white_1500483706.png","1500483706","7683"
"5970c2c53b30a74829cc2eeb","Indian_Ladder_Panorama3b_1500562117.jpg","1500562117","2452712"
"5970c5153b30a74829cc2ef9","KeySpan Nature Walk_Jacob's Hill_1500562709.jpg","1500562709","1153435"
"5970cedf3b30a74829cc2f06","course_map_1500565215.png","1500565215","4002117"
"5970f9cc3b30a74829cc2f2b","JAR_6574_1500576204.jpg","1500576204","1181205"
"597100a83b30a74829cc2f38","a_1500577960.jpg","1500577960","504374"
"5971095e971c305ea2f06324","Osprey_1500580190.JPG","1500580190","4016111"
"5971098c971c305ea2f06325","LeastTern_1500580236.JPG","1500580236","3784299"
"59710b69971c305ea2f06332","Male Yellowthroat_1500580713.JPG","1500580713","4294201"
"59710c61971c305ea2f0634e","Keyspan ski_007_1500580961.JPG","1500580961","981504"
"59710c67971c305ea2f0634f","Keyspan ski_006_1500580967.JPG","1500580967","1574479"
"59710cac971c305ea2f06350","Keyspan ski_004_1500581036.JPG","1500581036","1071958"
"59710cef971c305ea2f0635d","Aerial 12x18 NORTH (1)_1500581103.jpg","1500581103","984808"
"59710d6c971c305ea2f0635e","Times nuclear article_Good_1500581228.jpg","1500581228","2202647"
"59710d73971c305ea2f0635f","jean on potato truck_1500581235.jpg","1500581235","41799"
"59710e1f971c305ea2f06379","Bullfrog__1500581407.JPG","1500581407","4037557"
"59710e2b971c305ea2f0637a","Box Turtle_1500581419.JPG","1500581419","4430105"
"59710e72971c305ea2f06388","yacht_1500581490.jpg","1500581490","3800967"
"59710edb971c305ea2f06396","scuba_donut_1500581595.jpg","1500581595","2631348"
"5977bf677dbcae6201bda77d","bridlepath_1501020006.jpg","1501020006","3433509"
"5977bf7a7dbcae6201bda77e","kayaking_1501020026.jpg","1501020026","1266823"
"5977bf817dbcae6201bda77f","natural_history_1501020033.jpg","1501020033","1376968"
"5977bf8d7dbcae6201bda780","scuba_ok_1501020045.jpg","1501020045","2316462"
"5977bf967dbcae6201bda781","stripedbass_1501020054.jpg","1501020054","2485942"
"5981ec5ffb123540011c6cb8","shutterstock_415391470_1501686879.jpg","1501686879","2581675"
